<?xml version="1.0" encoding="UTF-8"?>
<faceted-project>
  <runtime name="was.base.v9"/>
  <fixed facet="jst.jaxrs"/>
  <fixed facet="java"/>
  <fixed facet="wst.jsdt.web"/>
  <fixed facet="jst.web"/>
  <installed facet="java" version="1.8"/>
  <installed facet="jst.web" version="3.1"/>
  <installed facet="com.ibm.websphere.coexistence.web" version="9.0"/>
  <installed facet="com.ibm.websphere.extended.web" version="9.0"/>
  <installed facet="wst.jsdt.web" version="1.0"/>
  <installed facet="jst.jaxrs" version="2.0"/>
</faceted-project>
